{"cameraMode":{"drawMode":0,"name":"Shaded","section":"Shading Mode"},"sceneLighting":true,"audioPlay":false,"sceneViewState":{"showFog":true,"showMaterialUpdate":false,"showSkybox":true,"showFlares":true,"showImageEffects":true,"showParticleSystems":true},"in2DMode":false,"pivot":{"x":-4.975323677062988,"y":-1.5511082410812379,"z":-5.241756439208984},"rotation":{"x":-0.08806947618722916,"y":0.7775626182556152,"z":-0.11180442571640015,"w":-0.6124897599220276},"size":2.4643120765686037,"orthographic":false}