{"cameraMode":{"drawMode":0,"name":"Shaded","section":"Shading Mode"},"sceneLighting":true,"audioPlay":false,"sceneViewState":{"showFog":true,"showMaterialUpdate":false,"showSkybox":true,"showFlares":true,"showImageEffects":true,"showParticleSystems":true},"in2DMode":false,"pivot":{"x":0.41359806060791018,"y":-16.386316299438478,"z":7.626841068267822},"rotation":{"x":0.5293415784835815,"y":0.020103221759200097,"z":-0.012547744438052178,"w":0.8480797410011292},"size":17.035503387451173,"orthographic":false}