{"cameraMode":{"drawMode":0,"name":"Shaded","section":"Shading Mode"},"sceneLighting":true,"audioPlay":false,"sceneViewState":{"showFog":true,"showMaterialUpdate":false,"showSkybox":true,"showFlares":true,"showImageEffects":true,"showParticleSystems":true},"in2DMode":false,"pivot":{"x":-0.4638756215572357,"y":-2.0864720344543459,"z":1.712005615234375},"rotation":{"x":0.48932674527168276,"y":0.022233890369534494,"z":-0.012480545789003373,"w":0.8717276453971863},"size":5.042152404785156,"orthographic":false}