{"cameraMode":{"drawMode":0,"name":"Shaded","section":"Shading Mode"},"sceneLighting":false,"audioPlay":false,"sceneViewState":{"showFog":true,"showMaterialUpdate":false,"showSkybox":false,"showFlares":true,"showImageEffects":true,"showParticleSystems":true},"in2DMode":false,"pivot":{"x":-2.0276217460632326,"y":-0.6499999761581421,"z":0.0},"rotation":{"x":0.5243543982505798,"y":0.010217477567493916,"z":-0.006292605306953192,"w":0.8514168858528137},"size":0.8660253882408142,"orthographic":false}