{"cameraMode":{"drawMode":0,"name":"Shaded","section":"Shading Mode"},"sceneLighting":true,"audioPlay":false,"sceneViewState":{"showFog":true,"showMaterialUpdate":false,"showSkybox":true,"showFlares":true,"showImageEffects":true,"showParticleSystems":true},"in2DMode":false,"pivot":{"x":-4.523504257202148,"y":-1.8903028964996338,"z":-8.10263442993164},"rotation":{"x":0.3923148214817047,"y":-0.07026088237762451,"z":0.030070742592215539,"w":0.9166507720947266},"size":6.554568767547607,"orthographic":false}