{"cameraMode":{"drawMode":0,"name":"Shaded","section":"Shading Mode"},"sceneLighting":true,"audioPlay":false,"sceneViewState":{"showFog":true,"showMaterialUpdate":false,"showSkybox":true,"showFlares":true,"showImageEffects":true,"showParticleSystems":true},"in2DMode":false,"pivot":{"x":17.729312896728517,"y":-7.334109306335449,"z":-0.03981165587902069},"rotation":{"x":0.5509336590766907,"y":0.006008612923324108,"z":-0.00396678876131773,"w":0.8345199227333069},"size":17.025697708129884,"orthographic":false}