{"cameraMode":{"drawMode":0,"name":"Shaded","section":"Shading Mode"},"sceneLighting":true,"audioPlay":false,"sceneViewState":{"showFog":true,"showMaterialUpdate":false,"showSkybox":true,"showFlares":true,"showImageEffects":true,"showParticleSystems":true},"in2DMode":false,"pivot":{"x":-4.411334037780762,"y":6.131747722625732,"z":-2.4306912422180177},"rotation":{"x":0.2588486075401306,"y":-0.021730933338403703,"z":0.005825064145028591,"w":0.965656042098999},"size":6.4850945472717289,"orthographic":false}