{"cameraMode":{"drawMode":0,"name":"Shaded","section":"Shading Mode"},"sceneLighting":true,"audioPlay":false,"sceneViewState":{"showFog":true,"showMaterialUpdate":false,"showSkybox":true,"showFlares":true,"showImageEffects":true,"showParticleSystems":true},"in2DMode":false,"pivot":{"x":-3.6209139823913576,"y":-1.1219178438186646,"z":-5.6479387283325199},"rotation":{"x":0.1555670201778412,"y":-0.2260085940361023,"z":0.03658914193511009,"w":0.9609278440475464},"size":1.9257515668869019,"orthographic":false}