{"cameraMode":{"drawMode":0,"name":"Shaded","section":"Shading Mode"},"sceneLighting":false,"audioPlay":false,"sceneViewState":{"showFog":true,"showMaterialUpdate":false,"showSkybox":false,"showFlares":true,"showImageEffects":true,"showParticleSystems":true},"in2DMode":false,"pivot":{"x":-1.975142002105713,"y":3.4430203437805177,"z":-10.623144149780274},"rotation":{"x":0.5509336590766907,"y":0.006008612923324108,"z":-0.00396678876131773,"w":0.8345199227333069},"size":10.0,"orthographic":false}