{"cameraMode":{"drawMode":0,"name":"Shaded","section":"Shading Mode"},"sceneLighting":false,"audioPlay":false,"sceneViewState":{"showFog":true,"showMaterialUpdate":false,"showSkybox":false,"showFlares":true,"showImageEffects":true,"showParticleSystems":true},"in2DMode":false,"pivot":{"x":1225.3643798828125,"y":1856.78759765625,"z":-199.5828857421875},"rotation":{"x":0.3183016777038574,"y":0.018199915066361429,"z":-0.006112122442573309,"w":0.9477970004081726},"size":371.32720947265627,"orthographic":false}